Jenis Kelamin;Single;Tinggal di Kota;usia;Perokok;Budget;Kesukaan;Tertarik 
1;0;1;32;0;low;Tekno;0
0;1;0;38;0;medium;Tekno;0
0;0;0;33;0;low;Tekno;0
0;1;0;27;0;medium;Lainnya;0
1;1;1;30;0;medium;Busana;1
0;1;0;44;0;medium;Tekno;0
1;1;1;36;0;medium;Seni;1
1;0;0;32;0;low;Seni;0
0;1;0;31;0;medium;Seni;0
1;1;0;40;0;high;Tekno;0
1;0;1;34;0;low;Lainnya;0
0;1;1;37;0;low;Tekno;0
1;1;0;30;1;medium;Tekno;1
1;1;1;39;0;low;Lainnya;0
1;1;0;27;0;low;Seni;0
1;0;1;39;0;medium;Tekno;1
0;1;0;41;0;high;Tekno;0
1;0;0;41;0;low;Tekno;0
0;1;0;25;0;medium;Busana;0
0;0;0;26;0;medium;Tekno;0
0;1;0;35;0;high;Tekno;0
0;1;0;42;0;low;Seni;0
0;1;0;32;0;low;Seni;0
0;1;1;41;0;high;Busana;0
0;1;0;35;0;medium;Tekno;0
1;0;0;34;0;medium;Tekno;1
0;1;1;39;0;medium;Busana;0
1;1;0;28;0;low;Tekno;0
0;1;0;32;0;low;Lainnya;0
0;0;1;41;0;medium;Lainnya;0
1;1;0;27;1;low;Tekno;0
1;1;1;33;1;low;Seni;1
1;0;0;30;0;medium;Tekno;1
0;0;0;37;0;medium;Tekno;0
0;1;0;28;0;low;Tekno;0
1;1;1;28;0;medium;Busana;1
0;1;1;29;0;high;Busana;0
0;1;0;34;0;high;Tekno;0
0;1;0;34;0;medium;Tekno;0
1;1;1;27;0;medium;Lainnya;1
1;1;0;35;0;medium;Seni;1
1;1;0;28;1;medium;Busana;1
1;0;0;32;1;medium;Busana;1
1;1;0;42;1;medium;Tekno;1
1;1;0;32;1;medium;Lainnya;1
0;1;0;33;0;high;Seni;0
0;0;1;38;1;medium;Tekno;1
1;1;0;29;0;high;Lainnya;0
1;1;0;35;0;low;Seni;0
0;1;0;37;1;low;Tekno;0
0;1;0;35;0;low;Tekno;0
1;0;0;37;0;low;Busana;0
1;1;0;31;1;medium;Tekno;1
0;1;0;31;0;medium;Tekno;0
0;1;0;33;0;low;Tekno;0
1;1;0;44;1;low;Lainnya;1
0;1;0;24;1;high;Tekno;0
0;1;0;28;0;medium;Busana;0
0;0;0;43;0;medium;Tekno;0
0;1;1;37;0;low;Lainnya;0
0;1;0;27;0;low;Lainnya;0
1;1;1;28;0;medium;Lainnya;1
0;1;1;28;0;low;Busana;0
0;1;0;40;0;low;Tekno;0
1;1;1;36;0;low;Busana;0
1;1;1;39;0;low;Tekno;1
0;1;0;33;0;low;Busana;0
1;1;0;27;0;low;Tekno;0
0;1;1;32;0;low;Tekno;0
0;1;0;32;0;high;Tekno;0
0;1;0;30;0;medium;Busana;0
1;1;0;34;1;medium;Busana;1
0;1;1;29;0;medium;Tekno;0
0;1;0;35;0;medium;Seni;0
0;1;1;35;0;high;Tekno;0
1;1;1;30;0;medium;Busana;1
0;1;1;28;0;low;Busana;0
1;0;1;30;0;high;Seni;0
1;0;1;34;0;high;Tekno;0
0;1;1;39;1;medium;Busana;1
1;0;0;41;0;medium;Tekno;1
0;1;0;31;0;low;Tekno;0
1;0;0;36;1;low;Busana;0
1;1;1;38;0;medium;Tekno;1
1;1;0;35;1;medium;Busana;1
0;1;0;36;0;high;Seni;0
0;1;0;30;0;low;Tekno;0
1;1;1;26;1;medium;Tekno;1
0;1;0;28;0;medium;Lainnya;0
0;1;0;35;0;high;Busana;0
0;1;1;38;0;low;Seni;0
1;1;1;31;1;low;Tekno;1
0;1;0;33;0;medium;Seni;0
0;0;0;30;0;medium;Seni;0
0;1;1;35;0;high;Busana;0
0;0;1;38;0;low;Busana;0
0;0;0;38;0;low;Lainnya;0
1;1;0;31;0;low;Tekno;0
1;1;1;30;0;medium;Tekno;1
0;1;0;38;0;low;Tekno;0
0;1;0;32;0;low;Seni;0
0;1;1;38;0;low;Tekno;0
0;1;1;34;0;medium;Tekno;0
1;1;1;46;1;medium;Busana;1
0;1;1;39;0;high;Tekno;0
0;1;0;37;0;low;Busana;0
1;1;0;37;0;low;Tekno;0
1;0;1;31;0;medium;Lainnya;1
0;1;0;38;0;medium;Busana;0
1;1;0;30;0;high;Tekno;0
0;1;0;37;0;low;Tekno;0
1;1;1;35;0;medium;Tekno;1
0;1;1;29;0;medium;Tekno;0
1;1;0;30;0;medium;Busana;1
0;0;1;27;0;high;Tekno;0
1;1;0;38;1;medium;Lainnya;1
0;1;0;29;0;high;Busana;0
1;1;1;35;0;medium;Busana;1
1;1;1;42;0;medium;Tekno;1
0;1;0;38;1;low;Tekno;0
1;1;0;31;0;medium;Lainnya;1
0;1;0;41;0;medium;Tekno;1
1;0;1;28;1;medium;Seni;1
0;1;0;46;0;low;Busana;0
0;1;0;37;0;low;Busana;0
0;1;1;37;0;medium;Seni;0
1;1;0;38;0;medium;Tekno;1
0;1;0;34;0;low;Lainnya;0
1;1;0;42;0;high;Tekno;0
0;1;1;30;0;high;Tekno;0
1;1;1;41;0;medium;Tekno;1
1;1;0;34;0;low;Busana;0
0;1;0;35;0;high;Lainnya;0
0;1;1;37;0;low;Lainnya;0
0;0;1;39;0;high;Tekno;0
0;0;1;37;0;high;Tekno;0
0;1;0;32;0;high;Lainnya;0
0;1;0;33;1;low;Tekno;0
0;0;0;31;0;medium;Tekno;0
0;0;0;33;0;low;Seni;0
1;1;0;32;0;low;Busana;0
0;1;0;36;0;medium;Tekno;0
0;0;0;31;0;low;Tekno;0
0;0;0;36;0;low;Seni;0
1;0;1;34;0;high;Seni;1
1;0;0;38;0;low;Tekno;0
1;0;0;41;0;high;Tekno;1
1;1;0;33;0;low;Seni;0
0;1;1;33;0;medium;Lainnya;0
1;1;0;34;1;low;Tekno;1
0;1;0;33;0;high;Tekno;0
1;0;0;31;0;high;Tekno;0
1;0;0;31;1;medium;Busana;1
0;1;0;29;0;low;Tekno;0
0;1;0;35;0;low;Seni;0
1;1;0;38;0;low;Lainnya;0
0;1;0;31;0;medium;Seni;0
0;1;1;34;0;low;Tekno;0
1;1;1;35;1;low;Seni;1
0;1;0;32;0;high;Tekno;0
0;1;0;37;0;low;Tekno;0
0;1;1;34;0;low;Tekno;0
0;1;0;39;0;low;Tekno;0
1;1;0;28;1;medium;Tekno;1
0;1;0;35;0;high;Busana;0
0;1;0;40;0;low;Tekno;0
0;1;1;31;0;medium;Seni;0
1;1;1;32;0;high;Seni;1
1;1;0;32;0;medium;Busana;1
0;0;0;32;0;low;Lainnya;0
1;1;0;38;0;medium;Busana;1
1;0;1;24;0;medium;Tekno;1
1;0;1;29;0;low;Tekno;0
0;1;0;30;0;high;Tekno;0
0;1;1;32;0;low;Tekno;0
1;0;0;43;0;low;Tekno;1
1;1;0;43;1;medium;Tekno;1
1;1;1;35;1;medium;Busana;1
1;1;0;39;0;medium;Tekno;1
1;1;1;30;1;medium;Seni;1
1;0;0;40;0;low;Busana;0
0;1;0;37;0;high;Tekno;0
0;1;1;28;0;low;Tekno;0
0;1;1;39;1;high;Seni;0
1;0;0;41;0;medium;Busana;1
1;1;0;32;0;high;Seni;0
1;0;0;43;0;low;Tekno;0
0;1;0;43;0;medium;Seni;1
0;1;1;31;0;medium;Busana;0
0;1;0;40;0;low;Seni;0
0;1;0;45;0;low;Lainnya;0
0;1;0;35;0;high;Seni;0
0;1;0;33;0;high;Tekno;0
0;1;0;30;0;medium;Tekno;0
0;0;0;41;0;medium;Tekno;0
0;1;0;38;0;high;Tekno;0
1;1;0;26;0;low;Tekno;0
0;1;1;34;0;low;Seni;0
1;1;0;37;0;low;Busana;0
0;1;0;38;0;low;Tekno;0
0;0;0;29;1;low;Lainnya;0
0;0;1;26;0;low;Lainnya;0
1;0;1;33;0;medium;Lainnya;1
1;1;1;36;0;medium;Tekno;1
0;1;1;35;0;low;Busana;0
1;1;0;30;0;medium;Tekno;1
1;1;1;39;0;low;Lainnya;0
0;1;0;34;0;medium;Tekno;0
1;1;1;36;0;medium;Busana;1
1;0;0;31;0;low;Busana;0
1;1;1;32;1;low;Lainnya;1
1;1;0;43;0;low;Tekno;1
0;1;0;34;0;low;Lainnya;0
1;1;0;34;1;high;Tekno;1
0;1;0;35;0;low;Lainnya;0
1;1;0;35;0;medium;Tekno;1
0;1;0;39;0;medium;Busana;0
1;1;0;39;0;medium;Tekno;1
1;1;0;37;0;high;Tekno;0
0;0;0;33;0;medium;Seni;0
0;1;1;33;0;low;Lainnya;0
0;1;0;35;0;medium;Lainnya;0
0;1;0;36;0;medium;Tekno;0
0;1;0;37;0;medium;Seni;1
1;0;0;43;1;medium;Busana;1
0;1;0;40;0;low;Lainnya;0
0;1;0;41;0;medium;Seni;0
1;1;0;34;0;medium;Tekno;1
1;1;0;38;1;low;Lainnya;1
1;1;0;29;1;medium;Seni;1
0;1;1;35;0;low;Tekno;0
0;1;0;34;0;high;Seni;0
0;1;0;42;0;high;Lainnya;0
1;0;0;36;0;low;Tekno;0
1;0;0;29;1;high;Seni;1
1;1;0;30;0;low;Seni;0
1;0;0;24;0;low;Tekno;0
0;0;0;31;0;low;Lainnya;0
0;0;1;33;0;low;Tekno;0
1;1;0;33;0;medium;Seni;1
1;1;0;43;0;low;Tekno;0
0;1;0;44;0;low;Tekno;0
1;1;1;36;1;high;Tekno;1
1;1;0;34;1;low;Busana;1
0;1;0;35;0;high;Tekno;0
0;1;1;29;0;high;Seni;0
1;1;0;40;0;medium;Tekno;1
1;1;0;36;0;medium;Tekno;1
0;1;1;34;0;medium;Seni;0
0;0;0;34;1;low;Seni;0
0;1;0;37;0;medium;Busana;0
0;1;0;30;0;low;Tekno;0
0;1;1;25;0;medium;Tekno;0
0;0;1;37;0;medium;Tekno;0
1;0;0;33;0;medium;Lainnya;1
0;1;0;32;0;high;Tekno;0
1;1;0;38;0;medium;Busana;1
1;1;1;35;0;medium;Tekno;1
1;0;1;35;0;low;Seni;0
0;0;0;29;0;high;Seni;0
0;0;0;31;0;high;Busana;0
0;1;0;34;0;low;Lainnya;0
0;1;0;29;0;low;Tekno;0
0;1;1;42;0;medium;Tekno;0
0;1;0;31;1;low;Tekno;0
1;1;0;33;0;low;Tekno;0
0;1;0;30;0;high;Tekno;0
0;1;1;35;0;high;Tekno;0
0;1;0;26;0;low;Seni;0
0;1;1;42;0;high;Tekno;0
1;1;0;37;0;medium;Busana;1
1;1;0;40;0;low;Seni;1
1;1;1;40;0;low;Busana;0
1;1;1;39;1;low;Busana;0
0;1;0;35;0;medium;Busana;0
0;1;1;32;0;low;Lainnya;0
1;0;0;36;0;medium;Tekno;1
1;1;1;28;0;low;Lainnya;0
0;1;0;38;0;medium;Tekno;0
1;0;0;36;1;low;Seni;0
1;0;1;30;0;medium;Busana;1
0;0;0;29;0;low;Tekno;0
1;0;1;30;1;medium;Seni;1
0;1;1;29;0;low;Tekno;0
1;0;0;27;1;high;Busana;1
0;1;0;37;0;medium;Tekno;0
0;1;0;32;0;medium;Busana;0
0;1;1;36;1;medium;Tekno;1
1;1;0;40;0;medium;Busana;1
1;1;0;30;0;low;Tekno;0
0;1;0;36;0;medium;Tekno;0
1;1;1;30;0;high;Tekno;0
1;1;0;35;0;medium;Tekno;1
1;1;0;24;1;medium;Busana;1
0;1;0;26;0;medium;Busana;0
0;1;0;34;0;low;Seni;0
1;1;0;40;1;high;Lainnya;1
1;1;0;33;0;medium;Busana;1
1;1;0;34;0;medium;Tekno;1
0;0;0;23;0;medium;Tekno;0
0;1;0;29;0;medium;Busana;0
1;0;0;27;0;medium;Lainnya;1
0;1;0;34;0;medium;Seni;0
1;1;0;37;0;low;Tekno;0
1;1;0;32;0;medium;Busana;1
1;0;1;34;1;medium;Lainnya;1
0;1;0;38;0;low;Tekno;0
1;0;0;36;0;low;Seni;0
0;1;1;42;0;medium;Tekno;0
1;1;1;36;0;low;Tekno;0
1;1;1;42;0;medium;Busana;1
0;1;0;38;1;medium;Tekno;1
0;1;0;35;0;low;Tekno;0
0;0;0;34;0;low;Tekno;0
0;0;0;36;0;medium;Lainnya;0
0;1;0;32;0;medium;Tekno;0
1;1;0;31;1;low;Tekno;1
1;0;0;28;0;low;Tekno;0
0;1;0;30;0;low;Lainnya;0
0;0;0;39;0;medium;Seni;0
0;0;1;36;0;low;Busana;0
0;1;0;31;0;medium;Busana;0
1;1;1;37;0;medium;Tekno;1
0;1;0;29;1;medium;Tekno;1
0;1;1;39;0;low;Seni;0
0;1;0;31;0;medium;Seni;0
0;0;0;33;0;medium;Tekno;0
1;1;0;27;0;low;Tekno;0
1;1;0;44;0;high;Tekno;1
1;1;0;41;0;low;Busana;0
0;0;1;44;0;low;Tekno;0
0;0;1;26;0;medium;Seni;0
1;1;1;39;0;low;Busana;1
0;1;0;37;0;low;Busana;0
0;1;0;38;0;medium;Tekno;1
0;0;0;38;0;low;Tekno;0
0;1;1;39;0;medium;Seni;0
0;0;0;42;0;low;Tekno;0
1;1;1;36;0;medium;Tekno;1
0;1;1;36;0;low;Busana;0
0;1;0;32;0;low;Lainnya;0
0;1;1;40;0;low;Tekno;0
0;1;0;35;0;low;Seni;0
1;1;0;32;0;medium;Tekno;1
0;0;0;32;0;high;Seni;0
1;1;1;35;0;medium;Tekno;1
0;1;0;34;0;low;Seni;0
1;1;0;34;1;medium;Lainnya;1
0;0;0;36;0;medium;Tekno;0
0;1;1;29;0;medium;Seni;0
1;1;0;34;0;medium;Tekno;1
1;1;0;38;0;high;Busana;1
0;1;0;32;0;high;Seni;0
0;0;0;34;0;low;Busana;0
1;1;1;37;1;low;Tekno;1
0;0;0;33;0;high;Busana;0
0;1;0;37;0;medium;Tekno;0
1;1;1;40;0;medium;Tekno;1
0;1;1;37;0;medium;Busana;0
0;1;0;36;0;low;Seni;0
1;1;1;33;0;medium;Busana;1
1;1;1;30;0;low;Tekno;0
0;1;0;27;0;low;Seni;0
0;1;1;31;0;medium;Tekno;0
0;0;1;28;0;medium;Tekno;0
1;1;0;30;0;medium;Tekno;1
1;1;0;41;0;low;Lainnya;0
0;1;0;37;0;low;Tekno;0
1;1;0;41;1;low;Seni;1
0;1;1;37;1;low;Tekno;0
0;0;0;23;0;low;Busana;0
1;0;0;34;0;medium;Lainnya;1
0;1;0;39;0;low;Tekno;0
1;1;1;29;0;low;Seni;0
1;1;1;27;0;low;Tekno;0
0;1;1;36;0;medium;Busana;0
1;1;0;36;1;medium;Tekno;1
0;0;0;31;0;medium;Seni;0
0;1;0;33;0;medium;Tekno;0
1;1;1;31;0;medium;Tekno;1
0;1;1;39;0;low;Tekno;0
1;0;0;27;1;low;Seni;1
1;1;0;28;0;low;Lainnya;0
1;1;0;37;0;medium;Tekno;1
1;1;0;33;0;low;Tekno;0
0;1;1;36;0;low;Tekno;0
1;1;0;40;0;medium;Tekno;1
0;1;0;42;1;medium;Tekno;1
1;1;1;33;0;medium;Tekno;1
1;1;1;29;1;low;Seni;0
1;1;0;42;0;high;Tekno;1
0;1;1;31;0;medium;Seni;0
0;1;1;25;0;low;Busana;0
1;1;0;36;0;medium;Tekno;1
0;1;0;43;0;low;Seni;0
1;1;0;38;0;medium;Tekno;1
1;1;1;25;0;high;Tekno;0
0;1;0;36;0;low;Busana;0
0;1;0;34;1;low;Busana;0
1;0;0;31;0;medium;Tekno;1
1;1;0;36;1;medium;Busana;1
1;1;1;46;0;high;Busana;1
0;0;0;30;0;medium;Tekno;0
0;1;0;33;0;low;Tekno;0
1;0;0;32;1;high;Tekno;1
0;1;1;35;0;high;Tekno;0
0;1;1;37;0;low;Seni;0
0;1;0;41;0;medium;Tekno;0
1;1;0;31;0;low;Seni;0
0;1;0;25;1;high;Tekno;0
1;1;0;44;0;high;Busana;1
0;0;0;32;0;low;Seni;0
0;1;0;40;0;low;Busana;0
0;1;1;32;0;high;Tekno;0
0;1;1;31;0;low;Busana;0
0;0;0;48;0;low;Tekno;0
0;1;0;43;0;low;Seni;0
1;1;0;29;0;low;Tekno;0
1;1;1;39;1;medium;Seni;1
1;1;1;30;1;medium;Tekno;1
1;1;1;37;0;medium;Seni;1
0;0;1;41;0;medium;Busana;0
1;0;0;26;0;high;Seni;0
1;1;0;27;1;medium;Tekno;1
1;1;0;39;0;medium;Tekno;1
1;1;1;38;1;low;Tekno;1
1;0;1;29;0;high;Lainnya;1
1;1;0;36;0;low;Lainnya;1
0;1;1;33;0;low;Busana;0
1;1;1;42;0;high;Lainnya;0
0;1;0;28;0;low;Tekno;0
1;1;1;37;0;high;Seni;0
0;1;0;31;0;medium;Busana;0
0;1;1;34;0;low;Busana;0
1;0;0;36;0;medium;Tekno;1
0;1;0;30;0;low;Tekno;0
1;1;1;34;0;medium;Busana;1
1;1;1;26;0;medium;Busana;0
0;1;1;41;0;medium;Busana;0
1;1;0;32;0;low;Seni;0
0;1;0;35;0;low;Tekno;0
0;1;0;27;0;medium;Tekno;0
1;0;1;29;0;medium;Seni;1
1;0;0;31;1;low;Tekno;0
1;0;0;25;1;medium;Tekno;1
0;1;0;36;0;medium;Seni;0
0;0;0;47;0;medium;Seni;1
0;1;0;37;0;high;Lainnya;0
1;1;0;28;0;low;Tekno;0
1;1;1;38;1;medium;Busana;1
0;1;0;31;1;low;Busana;0
1;0;1;36;1;low;Tekno;0
1;1;0;24;0;high;Tekno;0
1;0;0;32;1;medium;Busana;1
0;0;1;34;0;medium;Lainnya;1
1;1;0;33;0;medium;Seni;1
0;1;0;32;0;high;Busana;0
0;0;0;43;0;low;Busana;0
0;0;0;19;0;high;Tekno;0
0;1;0;39;0;high;Busana;0
0;1;0;32;0;medium;Lainnya;0
0;1;1;35;0;low;Tekno;0
0;1;1;32;0;medium;Lainnya;0
0;1;1;30;0;low;Seni;0
0;1;0;24;0;low;Tekno;0
0;1;0;34;0;low;Tekno;0
0;1;0;31;0;high;Tekno;0
1;1;0;33;1;low;Tekno;1
0;1;0;38;0;medium;Busana;0
0;1;0;40;1;medium;Busana;1
0;1;1;27;0;low;Tekno;0
0;0;1;30;0;high;Tekno;0
1;1;0;27;0;high;Tekno;0
1;1;0;32;1;low;Seni;1
1;0;0;36;0;medium;Busana;1
0;1;0;27;1;high;Seni;0
1;0;1;37;0;high;Seni;1
0;1;0;37;0;low;Tekno;0
0;1;0;34;0;high;Tekno;0
1;0;1;33;0;medium;Tekno;1
1;1;1;33;0;high;Busana;1
1;1;0;37;0;low;Seni;0
0;1;0;41;0;high;Lainnya;0
1;0;0;32;0;high;Seni;1
0;1;1;29;0;medium;Tekno;0
0;1;1;31;0;low;Tekno;0
1;0;0;30;0;medium;Seni;1
0;1;1;36;0;high;Tekno;0
1;1;0;35;0;high;Tekno;1
0;1;0;31;0;high;Seni;0
1;1;0;38;0;medium;Tekno;1
0;0;0;43;0;medium;Tekno;0
1;1;0;35;1;medium;Tekno;1
0;1;0;35;0;medium;Tekno;0
0;1;1;34;0;low;Busana;0
0;1;0;37;0;low;Tekno;0
0;1;0;31;0;low;Busana;0
1;1;1;33;1;high;Busana;1
1;1;0;31;0;low;Busana;0
0;1;0;34;0;high;Seni;0
0;1;0;35;0;medium;Tekno;0
1;1;0;39;0;low;Lainnya;0
0;0;0;36;0;medium;Tekno;0
1;1;0;34;1;high;Busana;1
0;1;1;33;0;medium;Tekno;0
0;1;0;34;0;medium;Tekno;0
1;1;0;35;0;low;Busana;0
1;0;0;28;0;low;Tekno;0
0;1;0;45;0;high;Seni;0
1;1;0;34;0;medium;Seni;1
0;0;0;36;0;high;Tekno;0
1;1;1;36;1;low;Tekno;1
0;1;0;39;0;high;Tekno;0
0;1;0;38;0;low;Busana;0
0;1;1;33;0;low;Tekno;0
1;1;0;37;0;medium;Tekno;1
0;1;0;39;0;high;Busana;0
1;1;0;36;1;high;Tekno;1
0;0;0;42;0;medium;Tekno;1
0;1;0;31;0;low;Seni;0
1;1;0;32;1;low;Seni;1
1;1;0;28;0;medium;Tekno;1
1;1;0;33;0;low;Tekno;0
0;0;0;37;0;low;Tekno;0
0;1;0;27;0;low;Busana;0
0;1;1;38;0;high;Busana;0
1;1;0;30;0;low;Seni;0
1;1;1;31;1;medium;Busana;1
1;1;0;41;0;medium;Busana;1
0;1;0;37;0;low;Busana;0
1;1;0;38;0;low;Tekno;0
1;1;0;27;0;medium;Busana;1
1;1;0;34;1;low;Lainnya;0
1;1;1;34;0;low;Tekno;1
0;1;0;36;0;high;Tekno;0
0;1;0;38;0;low;Busana;0
1;1;0;32;0;low;Busana;0
0;1;0;35;0;low;Tekno;0
0;1;0;39;0;medium;Seni;0
0;1;0;31;0;low;Tekno;0
0;1;1;38;0;high;Seni;0
0;0;0;31;0;medium;Tekno;0
0;1;1;37;0;medium;Tekno;0
1;1;0;40;0;medium;Lainnya;1
0;1;0;35;0;medium;Lainnya;0
1;1;0;31;0;medium;Tekno;1
1;1;0;27;1;medium;Busana;1
1;0;0;34;0;medium;Seni;1
0;1;1;40;0;high;Lainnya;0
0;1;0;36;0;low;Tekno;0
0;1;0;37;0;low;Busana;0
1;0;0;42;0;medium;Tekno;1
1;1;0;37;0;medium;Tekno;1
0;0;1;39;0;high;Busana;0
0;0;1;31;0;low;Busana;0
1;1;1;38;0;low;Tekno;0
0;1;0;22;0;medium;Tekno;0
0;1;0;35;0;low;Seni;0
1;1;1;37;1;low;Tekno;1
0;1;0;40;0;high;Tekno;0
0;0;1;28;0;low;Lainnya;0
0;0;1;32;0;medium;Seni;0
1;1;0;34;0;medium;Tekno;1
0;1;0;39;0;low;Tekno;0
0;1;0;39;1;low;Tekno;0
1;1;1;32;0;medium;Seni;1
0;1;0;32;0;medium;Tekno;0
0;0;1;40;0;low;Seni;0
1;1;0;43;1;medium;Tekno;1
1;1;0;33;0;high;Seni;1
1;0;0;30;0;high;Busana;1
1;0;0;42;0;low;Tekno;0
1;0;0;26;0;medium;Tekno;1
0;1;1;36;0;high;Lainnya;0
0;1;1;30;0;medium;Tekno;0
0;1;0;30;0;medium;Tekno;0
1;0;1;31;0;low;Seni;0
1;1;0;40;0;medium;Tekno;1
0;1;0;33;0;low;Tekno;0
1;0;0;37;1;high;Tekno;1
1;1;0;31;0;medium;Tekno;1
0;1;0;42;0;high;Tekno;0
0;1;0;32;0;medium;Seni;0
0;1;0;37;0;low;Lainnya;0
1;0;0;27;0;high;Busana;0
0;1;0;31;0;medium;Lainnya;0
1;1;1;33;1;medium;Seni;1
1;1;1;35;0;high;Tekno;0
0;0;0;36;0;high;Seni;0
0;0;0;29;0;medium;Busana;0
0;1;0;31;0;high;Busana;0
1;0;1;42;0;medium;Lainnya;1
0;1;1;39;0;low;Lainnya;0
1;1;0;38;0;medium;Seni;1
1;1;0;36;0;medium;Tekno;1
1;1;0;36;1;low;Seni;1
1;1;1;31;0;medium;Tekno;1
1;1;0;37;0;medium;Tekno;1
1;0;0;28;0;low;Busana;0
0;1;1;38;0;low;Tekno;0
1;1;0;35;0;medium;Busana;1
0;1;0;45;0;low;Seni;0
1;0;0;26;0;low;Tekno;0
1;1;1;24;0;medium;Busana;1
1;1;0;35;0;medium;Tekno;1
1;1;0;33;1;low;Tekno;1
0;1;0;25;0;low;Tekno;0
0;1;0;35;0;high;Busana;0
1;1;0;35;0;low;Lainnya;0
1;1;0;39;0;medium;Tekno;1
1;1;0;37;0;high;Seni;1
0;1;0;32;0;medium;Busana;0
1;1;0;23;0;low;Seni;0
0;0;0;38;0;medium;Busana;0
1;1;1;25;0;high;Seni;1
1;1;1;35;0;medium;Tekno;1
1;1;0;36;0;high;Tekno;0
1;0;1;28;1;medium;Seni;1
0;1;1;33;0;medium;Tekno;0
1;1;1;37;0;medium;Tekno;1
0;1;0;31;0;high;Tekno;0
0;1;0;29;0;medium;Busana;0
0;1;0;34;0;medium;Seni;0
1;1;1;40;0;low;Busana;0
1;0;0;29;0;high;Seni;1
1;1;0;36;0;low;Busana;0
1;0;0;30;0;low;Tekno;0
1;1;0;41;0;high;Busana;0
0;0;0;35;0;medium;Tekno;0
0;0;1;38;0;medium;Tekno;0
1;1;0;35;0;low;Tekno;0
0;1;1;41;0;medium;Seni;1
1;1;0;31;0;high;Tekno;0
0;0;1;28;0;high;Seni;0
0;1;1;43;0;low;Lainnya;0
0;1;1;32;0;high;Lainnya;0
0;1;1;40;0;low;Tekno;0
0;1;0;43;0;low;Tekno;0
0;1;0;36;0;low;Tekno;0
0;1;0;35;0;low;Lainnya;0
1;1;0;35;0;medium;Busana;1
0;1;0;38;0;medium;Tekno;1
0;1;1;33;0;high;Busana;0
0;0;1;27;0;low;Seni;0
1;1;0;29;0;low;Seni;0
1;1;0;33;0;high;Tekno;1
0;1;0;35;0;high;Busana;0
1;1;0;33;0;low;Tekno;0
1;1;0;43;1;high;Lainnya;1
0;0;0;34;0;medium;Busana;0
0;1;0;36;0;medium;Seni;0
0;1;0;31;0;medium;Tekno;0
1;1;1;31;0;low;Lainnya;0
1;1;1;28;1;low;Busana;1
0;1;1;33;0;low;Busana;0
0;1;0;30;0;low;Seni;0
1;1;0;32;0;low;Seni;0
1;0;0;30;0;low;Lainnya;0
0;1;0;38;0;medium;Tekno;0
0;1;0;41;0;medium;Busana;0
1;0;0;31;0;medium;Busana;1
0;1;0;38;0;low;Tekno;0
0;1;0;35;1;low;Seni;0
0;1;0;40;0;low;Tekno;0
1;1;0;36;0;high;Busana;1
0;1;1;28;0;medium;Tekno;0
1;0;0;35;0;medium;Tekno;1
0;1;1;32;0;low;Seni;0
0;0;0;32;0;medium;Busana;0
0;1;0;37;0;low;Seni;0
0;1;0;40;0;low;Tekno;0
1;0;0;37;0;low;Tekno;0
0;1;0;25;0;medium;Lainnya;0
0;0;1;47;0;medium;Busana;0
0;1;1;29;0;medium;Tekno;0
1;1;1;34;0;low;Tekno;0
1;0;0;42;0;low;Seni;0
1;1;0;34;0;high;Tekno;1
0;1;0;27;0;high;Tekno;0
1;1;1;31;0;low;Seni;0
1;1;1;38;1;medium;Tekno;1
1;1;1;33;1;low;Seni;1
0;1;1;26;0;low;Tekno;0
1;1;1;34;0;high;Tekno;1
1;1;0;29;1;medium;Tekno;1
0;0;0;31;0;medium;Busana;0
1;1;1;40;0;low;Seni;0
0;0;0;34;0;medium;Busana;0
0;1;1;41;0;high;Seni;0
1;1;1;33;0;low;Tekno;0
1;1;0;37;1;medium;Tekno;1
1;0;0;43;0;low;Busana;0
0;1;0;42;0;high;Tekno;0
1;1;0;35;0;low;Tekno;0
0;1;1;31;0;low;Tekno;0
0;1;0;36;0;high;Tekno;0
1;0;0;34;0;high;Tekno;1
1;1;0;30;0;low;Lainnya;0
0;1;0;39;0;low;Tekno;0
0;0;1;30;1;medium;Busana;0
0;1;1;44;0;medium;Tekno;0
0;1;0;36;0;low;Busana;0
1;1;1;37;0;low;Tekno;1
0;1;0;16;0;medium;Tekno;0
1;1;1;33;0;high;Tekno;0
0;1;0;24;0;medium;Seni;0
0;1;0;28;0;medium;Tekno;0
0;1;0;43;0;high;Tekno;0
1;1;0;35;0;low;Tekno;0
1;1;1;30;0;medium;Tekno;1
0;1;0;33;0;low;Tekno;0
1;1;0;27;0;low;Seni;0
0;0;0;33;0;medium;Lainnya;0
0;1;0;27;0;low;Tekno;0
0;1;0;26;0;medium;Tekno;0
0;1;1;41;0;low;Seni;0
1;1;0;36;0;low;Tekno;0
0;1;0;33;1;medium;Lainnya;1
1;1;0;36;1;low;Lainnya;0
1;1;0;33;0;medium;Tekno;1
0;1;0;42;0;medium;Tekno;1
0;1;0;33;0;low;Tekno;0
1;1;0;32;0;low;Tekno;0
0;1;1;39;1;low;Lainnya;0
0;0;0;46;0;medium;Tekno;0
0;1;0;33;0;low;Busana;0
1;1;0;36;1;high;Seni;1
0;1;1;40;0;medium;Tekno;0
0;1;0;34;0;medium;Busana;0
0;1;0;39;0;medium;Tekno;0
1;1;0;32;0;medium;Busana;1
0;1;0;34;0;low;Tekno;0
0;1;0;32;0;low;Lainnya;0
1;1;0;33;0;medium;Tekno;1
1;0;0;23;1;low;Tekno;1
1;1;1;35;0;low;Tekno;0
0;1;0;39;0;medium;Seni;0
1;1;0;35;0;low;Seni;0
0;1;1;24;0;low;Tekno;0
0;1;0;33;0;medium;Busana;0
1;0;0;42;0;low;Tekno;0
1;1;0;38;1;high;Tekno;1
0;1;0;30;0;low;Tekno;0
0;1;0;40;1;low;Tekno;0
0;0;0;37;0;low;Lainnya;0
1;1;0;35;0;medium;Seni;1
0;1;0;31;0;medium;Tekno;0
0;1;1;31;0;low;Busana;0
1;1;0;33;0;medium;Tekno;1
0;0;0;26;0;high;Tekno;0
0;0;0;34;0;low;Tekno;0
1;1;1;36;0;medium;Lainnya;1
1;1;0;31;0;medium;Tekno;1
1;0;0;36;0;low;Tekno;0
1;1;1;32;1;medium;Tekno;1
1;1;0;36;1;medium;Tekno;1
1;1;0;39;0;low;Tekno;0
0;1;1;31;0;high;Tekno;0
0;1;0;40;1;low;Busana;0
0;1;0;35;0;medium;Seni;0
0;1;0;36;0;low;Tekno;0
0;1;1;36;0;medium;Busana;0
0;1;0;30;0;medium;Lainnya;0
1;1;1;39;0;high;Tekno;1
1;1;1;42;0;low;Tekno;1
0;1;0;30;0;low;Tekno;0
0;0;1;35;0;medium;Tekno;0
0;1;0;29;0;high;Busana;0
1;1;1;31;0;medium;Busana;1
0;1;0;40;0;high;Tekno;0
0;1;0;32;0;medium;Tekno;0
0;1;1;22;0;medium;Seni;0
0;1;0;34;0;medium;Busana;0
1;0;0;30;0;low;Seni;0
1;0;0;29;0;medium;Busana;1
1;1;0;39;0;high;Lainnya;0
0;1;0;33;0;medium;Lainnya;0
0;1;0;33;0;medium;Busana;0
0;0;1;36;0;medium;Tekno;0
0;1;0;32;0;low;Tekno;0
1;1;0;30;0;high;Seni;0
0;1;0;28;0;medium;Tekno;0
0;1;0;35;0;high;Tekno;0
0;1;1;40;0;medium;Busana;1
1;1;0;33;0;high;Tekno;1
1;1;0;35;1;medium;Lainnya;1
0;1;0;33;1;low;Tekno;0
0;1;0;30;0;low;Busana;0
1;0;0;32;0;low;Lainnya;0
0;0;0;29;0;high;Tekno;0
0;1;0;24;0;high;Seni;0
0;1;0;34;0;low;Tekno;0
0;1;0;37;0;medium;Lainnya;0
1;1;0;28;1;low;Seni;0
0;0;0;38;0;medium;Lainnya;0
1;1;0;38;1;low;Busana;1
0;1;0;32;0;high;Tekno;0
1;1;0;37;0;medium;Busana;1
0;1;0;38;0;low;Lainnya;0
0;1;0;34;0;medium;Tekno;0
0;1;0;36;0;medium;Tekno;0
0;1;0;37;0;medium;Busana;0
1;1;0;36;1;low;Seni;0
1;0;0;31;0;low;Busana;0
0;1;0;35;0;medium;Busana;0
1;1;0;29;0;high;Seni;1
0;1;0;34;0;low;Seni;0
0;1;0;29;0;low;Tekno;0
0;1;0;24;0;high;Tekno;0
0;1;1;41;0;medium;Tekno;0
0;1;0;38;0;low;Tekno;0
0;1;0;34;0;high;Tekno;0
0;1;0;27;0;low;Tekno;0
0;0;0;25;0;medium;Tekno;0
1;1;0;31;0;low;Tekno;0
1;1;1;30;1;low;Busana;0
0;1;1;29;0;low;Busana;0
0;1;0;37;0;medium;Tekno;0
1;1;1;32;0;medium;Lainnya;1
0;1;1;32;0;medium;Busana;0
1;1;0;32;1;medium;Lainnya;1
0;0;0;33;0;low;Tekno;0
1;1;1;31;0;low;Tekno;0
0;1;1;32;0;low;Busana;0
0;1;1;38;0;low;Lainnya;0
0;0;0;37;0;low;Tekno;0
0;1;0;48;0;low;Seni;0
0;1;0;43;0;medium;Tekno;0
0;1;0;43;0;medium;Tekno;0
1;0;0;32;0;low;Tekno;0
0;1;1;33;0;low;Busana;0
0;1;0;28;0;medium;Tekno;0
0;1;0;26;0;high;Tekno;0
0;0;0;35;0;low;Tekno;0
0;1;1;39;0;low;Lainnya;0
0;1;0;43;0;medium;Seni;0
0;1;1;29;0;low;Tekno;0
1;1;0;28;0;medium;Tekno;1
0;0;0;28;0;low;Tekno;0
1;0;0;30;1;low;Busana;1
0;1;1;33;0;high;Tekno;0
0;1;0;44;0;high;Tekno;0
0;1;0;40;0;medium;Tekno;0
1;0;0;28;0;medium;Lainnya;1
0;1;1;29;0;high;Tekno;0
1;0;1;40;0;low;Busana;0
1;0;0;38;0;low;Tekno;0
1;1;0;43;0;low;Seni;0
0;0;0;31;0;medium;Seni;0
0;1;0;31;0;high;Busana;0
1;1;0;39;1;medium;Tekno;1
0;0;1;33;0;medium;Lainnya;0
0;1;1;29;0;low;Busana;0
1;1;0;32;0;high;Tekno;1
0;1;0;24;0;low;Tekno;0
0;1;1;30;0;low;Seni;0
1;1;0;36;0;medium;Tekno;1
0;0;0;31;0;high;Seni;0
1;1;1;26;0;low;Tekno;0
1;1;0;46;0;low;Tekno;0
0;1;0;36;0;high;Busana;0
0;1;1;32;0;low;Busana;0
0;1;0;40;0;high;Tekno;0
1;1;0;38;0;high;Busana;0
0;1;1;36;0;low;Tekno;0
1;1;0;41;0;medium;Tekno;1
1;0;0;30;0;low;Tekno;0
0;1;0;38;0;medium;Seni;0
1;1;0;38;0;low;Tekno;0
1;0;0;27;0;low;Lainnya;0
0;1;0;24;0;low;Seni;0
0;0;0;41;0;high;Busana;0
1;0;0;36;1;low;Seni;0
1;1;0;27;0;medium;Busana;1
0;0;0;25;1;medium;Tekno;1
0;1;1;38;0;high;Tekno;0
1;1;1;39;0;medium;Busana;1
1;1;1;33;0;medium;Tekno;1
1;1;0;32;0;low;Tekno;0
1;1;0;40;0;high;Tekno;1
0;1;0;33;0;medium;Busana;0
1;0;0;42;0;high;Tekno;1
0;1;1;36;0;low;Seni;0
1;1;0;32;0;high;Tekno;0
1;1;0;33;0;low;Busana;0
1;0;1;35;1;low;Busana;1
0;1;0;32;0;medium;Seni;0
0;1;0;25;0;medium;Tekno;0
1;1;0;26;0;medium;Lainnya;1
1;1;0;34;1;medium;Lainnya;1
0;1;1;33;0;medium;Busana;0
1;1;0;28;1;low;Busana;0
0;1;1;37;0;low;Seni;0
0;1;1;34;0;low;Tekno;0
0;1;1;30;0;medium;Seni;0
1;0;1;31;1;low;Tekno;0
0;1;0;32;0;low;Tekno;0
0;1;0;34;0;high;Tekno;0
0;1;0;30;0;medium;Busana;0
0;1;0;30;0;medium;Tekno;0
1;1;1;39;1;medium;Tekno;1
1;1;0;39;0;medium;Seni;1
0;1;0;35;0;medium;Seni;0
0;1;1;42;0;low;Busana;0
0;1;1;31;0;low;Tekno;0
1;1;0;39;0;high;Seni;0
1;1;0;36;0;low;Seni;0
0;1;1;43;0;medium;Busana;1
1;1;0;40;1;medium;Busana;1
0;0;0;37;0;low;Tekno;0
0;1;0;31;0;medium;Tekno;0
0;1;1;30;0;medium;Tekno;0
1;1;0;34;1;low;Seni;1
1;1;0;40;0;medium;Busana;1
1;1;0;35;0;medium;Busana;1
1;0;0;31;0;high;Lainnya;0
1;1;1;37;0;high;Tekno;0
1;1;1;25;0;low;Busana;0
0;1;0;37;0;medium;Tekno;0
0;0;0;30;0;high;Tekno;0
1;0;0;40;0;low;Tekno;0
0;1;1;37;0;low;Tekno;0
0;1;1;25;0;medium;Seni;0
1;1;0;38;0;low;Seni;0
0;0;1;30;0;high;Lainnya;0
0;1;0;39;0;low;Tekno;0
0;1;0;43;0;medium;Tekno;1
1;1;1;31;1;medium;Busana;1
1;1;0;36;1;high;Tekno;1
1;0;0;36;1;medium;Tekno;1
1;1;0;38;0;low;Tekno;0
1;1;0;31;0;high;Seni;1
0;0;1;38;0;low;Tekno;0
1;1;0;42;0;medium;Busana;1
1;1;0;37;0;low;Tekno;0
0;1;1;38;0;low;Tekno;0
0;0;1;33;0;medium;Lainnya;0
1;1;0;28;0;medium;Busana;1
0;1;1;27;0;low;Tekno;0
0;0;0;41;0;low;Seni;0
1;1;1;39;0;low;Busana;0
1;1;1;38;1;low;Tekno;1
1;1;1;32;1;low;Seni;1
1;1;0;50;0;high;Tekno;0
0;1;1;27;0;low;Seni;0
1;0;0;24;0;low;Tekno;0
0;1;0;33;0;high;Seni;0
0;1;0;41;0;low;Tekno;0
1;1;1;31;0;high;Tekno;0
0;1;0;35;0;high;Tekno;0
0;0;0;36;1;low;Tekno;0
0;1;0;38;0;low;Tekno;0
1;1;1;38;0;low;Tekno;0
1;1;0;30;0;high;Tekno;1
0;0;0;30;0;medium;Tekno;0
1;1;0;41;0;medium;Seni;1
1;1;1;46;0;high;Seni;1
0;1;1;49;0;medium;Busana;1
1;1;0;40;0;medium;Lainnya;1
1;1;0;32;0;low;Lainnya;0
0;1;1;28;0;medium;Busana;0
1;1;1;29;0;medium;Busana;1
1;1;0;32;0;low;Lainnya;0
1;1;0;36;1;low;Tekno;1
1;1;1;39;0;medium;Seni;1
0;1;0;36;0;medium;Tekno;0
1;1;0;31;1;medium;Lainnya;1
1;0;0;34;0;low;Lainnya;0
0;0;0;32;0;medium;Seni;0
1;1;1;33;0;high;Tekno;1
0;1;0;38;0;high;Busana;0
0;1;0;42;0;medium;Seni;1
0;1;0;37;0;medium;Tekno;0
1;1;0;30;0;medium;Seni;1
0;1;1;31;0;low;Seni;0
1;0;1;35;0;medium;Tekno;1
0;1;0;39;0;low;Seni;0
0;1;0;38;0;high;Busana;0
1;1;1;31;0;medium;Busana;1
0;1;1;32;0;low;Busana;0
1;1;0;20;0;medium;Tekno;1
1;1;1;34;0;medium;Seni;1
0;1;0;33;0;medium;Tekno;0
0;1;1;39;0;low;Seni;0
1;0;1;42;0;high;Tekno;1
1;1;1;34;0;medium;Lainnya;1
0;1;0;34;0;low;Tekno;0
1;0;1;35;1;medium;Lainnya;1
0;1;0;30;0;high;Tekno;0
0;1;0;36;0;medium;Tekno;0
1;1;0;35;0;high;Tekno;0
0;1;1;37;0;medium;Seni;0
1;1;0;31;0;low;Seni;0
0;1;0;27;0;low;Tekno;0
0;1;0;37;0;medium;Seni;0
0;1;1;34;0;low;Tekno;0
0;1;0;40;0;medium;Busana;0
1;1;0;34;1;low;Busana;0
1;1;1;36;0;high;Tekno;1
0;1;1;41;0;low;Tekno;0
1;1;1;33;1;medium;Seni;1
0;1;1;45;0;medium;Busana;0
1;0;0;26;0;low;Seni;0
0;1;0;34;0;medium;Seni;0
1;1;0;28;0;medium;Busana;1
0;1;0;40;0;low;Busana;0
1;1;0;42;1;medium;Tekno;1
1;1;1;30;0;low;Seni;0
0;1;1;37;0;low;Tekno;0
0;0;0;38;0;low;Busana;0
0;1;0;44;0;medium;Tekno;1
1;1;0;28;0;low;Seni;0
1;0;0;37;1;high;Tekno;1
1;1;0;36;0;low;Lainnya;0
1;1;0;46;0;medium;Tekno;1
0;1;0;33;0;low;Seni;0
0;0;0;44;0;medium;Seni;1
0;1;0;26;0;low;Tekno;0
0;1;1;29;0;low;Busana;0
0;1;0;37;1;high;Tekno;1
0;0;0;33;1;high;Tekno;0
0;1;0;39;0;high;Tekno;0
1;1;0;35;1;medium;Tekno;1
1;0;0;40;0;low;Tekno;0
1;1;0;39;1;low;Seni;1
1;1;0;33;0;low;Tekno;0
1;1;1;37;0;low;Seni;0
1;1;0;45;0;low;Tekno;0
1;0;0;26;0;medium;Busana;1
0;1;1;46;0;high;Seni;0
0;1;0;38;0;low;Lainnya;0
1;1;0;36;0;medium;Tekno;1
1;1;0;41;0;medium;Tekno;1
1;1;0;42;0;medium;Tekno;1
1;0;0;30;0;low;Busana;0
0;1;0;37;0;high;Tekno;0
1;1;1;38;1;low;Seni;0
1;1;0;29;0;medium;Busana;1
0;0;0;35;0;low;Lainnya;0
1;1;0;27;0;medium;Tekno;1
1;1;0;38;0;high;Busana;0
0;1;0;32;0;low;Lainnya;0
0;0;1;40;0;medium;Tekno;0
1;1;0;34;0;medium;Tekno;1
1;1;0;32;0;low;Tekno;0
0;1;0;37;0;medium;Busana;0
1;1;0;39;0;medium;Seni;1
0;1;0;28;0;low;Tekno;0
0;1;0;37;0;low;Busana;0
1;1;1;26;1;low;Tekno;1
1;1;1;42;0;low;Tekno;1
0;1;0;30;0;medium;Tekno;0
0;1;1;42;0;medium;Tekno;0
1;1;1;32;0;medium;Tekno;1
0;1;0;27;0;high;Busana;0
0;0;0;43;0;high;Lainnya;0
0;0;0;43;0;medium;Seni;0
0;1;0;31;0;medium;Tekno;0
1;1;1;32;0;medium;Tekno;1
1;1;1;38;0;high;Busana;0
1;1;1;31;0;low;Seni;0
1;0;0;33;0;low;Tekno;0
0;1;1;41;0;high;Busana;0
1;1;1;33;1;low;Tekno;1
1;1;0;36;0;medium;Seni;1
0;1;0;46;0;low;Seni;0
1;1;0;34;0;medium;Busana;1
1;0;0;23;0;medium;Tekno;1
1;0;0;32;0;high;Busana;0
1;1;0;39;1;medium;Busana;1
0;1;0;35;0;high;Busana;0
0;0;1;29;0;medium;Tekno;0
1;1;0;32;1;medium;Tekno;1
0;1;0;36;0;low;Tekno;0
0;1;0;35;0;low;Busana;0
0;1;1;28;0;low;Seni;0
1;1;0;32;0;medium;Seni;1
0;1;0;36;0;medium;Busana;0
1;1;0;40;1;high;Tekno;1
1;0;0;37;0;low;Lainnya;1
0;0;1;32;0;medium;Busana;0
1;0;0;31;0;low;Lainnya;0
1;1;0;35;0;low;Busana;0
0;1;0;35;0;medium;Tekno;0
